{
  "test_accuracy": 0.9549532934748111,
  "classification_report": {
    "center": {
      "precision": 0.9489353489868125,
      "recall": 0.9551411551411552,
      "f1-score": 0.9520281390170706,
      "support": 77220.0
    },
    "left": {
      "precision": 0.9528904665314402,
      "recall": 0.9642467704070505,
      "f1-score": 0.9585349835172893,
      "support": 77951.0
    },
    "right": {
      "precision": 0.9631889018065916,
      "recall": 0.9454780925025966,
      "f1-score": 0.9542513265174065,
      "support": 77987.0
    },
    "accuracy": 0.9549532934748111,
    "macro avg": {
      "precision": 0.9550049057749481,
      "recall": 0.9549553393502674,
      "f1-score": 0.9549381496839221,
      "support": 233158.0
    },
    "weighted avg": {
      "precision": 0.9550251987516817,
      "recall": 0.9549532934748111,
      "f1-score": 0.9549471671405974,
      "support": 233158.0
    }
  },
  "confusion_matrix": [
    [
      73756,
      1890,
      1574
    ],
    [
      1543,
      75164,
      1244
    ],
    [
      2426,
      1826,
      73735
    ]
  ],
  "timestamp": "2026-01-28T11:22:12.811655",
  "model_path": "models/best_model/best_model.pt"
}